{
  "harvested_crops": [
      {
        "id": "blue_jazz",
        "name": "Blue Jazz",
        "description": "A spring flower that blooms in vibrant blue.",
        "stackSize": 999,
        "componentsData": [
          {
            "type": "ConsumableComponent",
            "energyRestore": 45
          }
        ],
        "texture": "Items/blue_jazz.png",
        "categories": [
          "any_crop",
          "any_flower"
        ]
      },
      {
        "id": "carrot",
        "name": "Carrot",
        "description": "A crunchy orange root vegetable.",
        "stackSize": 999,
        "componentsData": [
          {
            "type": "ConsumableComponent",
            "energyRestore": 42
          }
        ],
        "texture": "Items/carrot.png",
        "categories": [
          "any_crop",
          "any_vegetable"
        ]
      },
      {
        "id": "cauliflower",
        "name": "Cauliflower",
        "description": "A large, white vegetable with a unique texture.",
        "stackSize": 999,
        "componentsData": [
          {
            "type": "ConsumableComponent",
            "energyRestore": 75
          }
        ],
        "texture": "Items/cauliflower.png",
        "categories": [
          "any_crop",
          "any_vegetable"
        ]
      },
      {
        "id": "coffee_bean",
        "name": "Coffee Bean",
        "description": "Plant in spring or summer to grow a coffee plant. Place five in a keg to make coffee.",
        "stackSize": 999,
        "componentsData": [],
        "texture": "Items/coffee_bean.png",
        "categories": [
          "any_crop"
        ]
      },
      {
        "id": "garlic",
        "name": "Garlic",
        "description": "A pungent bulb with many culinary uses.",
        "stackSize": 999,
        "componentsData": [
          {
            "type": "ConsumableComponent",
            "energyRestore": 25
          }
        ],
        "texture": "Items/garlic.png",
        "categories": [
          "any_crop",
          "any_vegetable"
        ]
      },
      {
        "id": "green_bean",
        "name": "Green Bean",
        "description": "A crunchy legume.",
        "stackSize": 999,
        "componentsData": [
          {
            "type": "ConsumableComponent",
            "energyRestore": 30
          }
        ],
        "texture": "Items/green_bean.png",
        "categories": [
          "any_crop",
          "any_vegetable"
        ]
      },
      {
        "id": "kale",
        "name": "Kale",
        "description": "A leafy green vegetable packed with nutrients.",
        "stackSize": 999,
        "componentsData": [
          {
            "type": "ConsumableComponent",
            "energyRestore": 38
          }
        ],
        "texture": "Items/kale.png",
        "categories": [
          "any_crop",
          "any_vegetable"
        ]
      },
      {
        "id": "parsnip",
        "name": "Parsnip",
        "description": "A hardy root vegetable with a sweet, nutty flavor.",
        "stackSize": 999,
        "componentsData": [
          {
            "type": "ConsumableComponent",
            "energyRestore": 25
          }
        ],
        "texture": "Items/parsnip.png",
        "categories": [
          "any_crop",
          "any_vegetable"
        ]
      },
      {
        "id": "potato",
        "name": "Potato",
        "description": "A widely cultivated tuber.",
        "stackSize": 999,
        "componentsData": [
          {
            "type": "ConsumableComponent",
            "energyRestore": 35
          }
        ],
        "texture": "Items/potato.png",
        "categories": [
          "any_crop",
          "any_vegetable"
        ]
      },
      {
        "id": "rhubarb",
        "name": "Rhubarb",
        "description": "The stalks are extremely tart, but make a great dessert when sweetened.",
        "stackSize": 999,
        "componentsData": [],
        "texture": "Items/rhubarb.png",
        "categories": [
          "any_crop",
          "any_vegetable"
        ]
      },
      {
        "id": "strawberry",
        "name": "Strawberry",
        "description": "A sweet, juicy favorite with an appealing red color.",
        "stackSize": 999,
        "componentsData": [
          {
            "type": "ConsumableComponent",
            "energyRestore": 45
          }
        ],
        "texture": "Items/strawberry.png",
        "categories": [
          "any_crop",
          "any_fruit"
        ]
      },
      {
        "id": "tulip",
        "name": "Tulip",
        "description": "A cheerful spring flower.",
        "stackSize": 999,
        "componentsData": [
          {
            "type": "ConsumableComponent",
            "energyRestore": 20
          }
        ],
        "texture": "Items/tulip.png",
        "categories": [
          "any_crop",
          "any_flower"
        ]
      },
      {
        "id": "unmilled_rice",
        "name": "Unmilled Rice",
        "description": "Rice in its natural state. Must be processed to be edible.",
        "stackSize": 999,
        "componentsData": [],
        "texture": "Items/unmilled_rice.png",
        "categories": [
          "any_crop",
          "any_vegetable"
        ]
      },
      {
        "id": "blueberry",
        "name": "Blueberry",
        "description": "A popular berry reported to have many health benefits.",
        "stackSize": 999,
        "componentsData": [],
        "texture": "Items/blueberry.png",
        "categories": [
          "any_crop",
          "any_fruit"
        ]
      },
      {
        "id": "corn",
        "name": "Corn",
        "description": "One of the most popular grains.",
        "stackSize": 999,
        "componentsData": [],
        "texture": "Items/corn.png",
        "categories": [
          "any_crop",
          "any_vegetable"
        ]
      },
      {
        "id": "hops",
        "name": "Hops",
        "description": "Used to brew beer.",
        "stackSize": 999,
        "componentsData": [],
        "texture": "Items/hops.png",
        "categories": [
          "any_crop",
          "any_vegetable"
        ]
      },
      {
        "id": "melon",
        "name": "Melon",
        "description": "A juicy melon, perfect for summer.",
        "stackSize": 999,
        "componentsData": [],
        "texture": "Items/melon.png",
        "categories": [
          "any_crop",
          "any_fruit"
        ]
      },
      {
        "id": "poppy",
        "name": "Poppy",
        "description": "A bright, colorful flower.",
        "stackSize": 999,
        "componentsData": [],
        "texture": "Items/poppy.png",
        "categories": [
          "any_crop",
          "any_flower"
        ]
      },
      {
        "id": "radish",
        "name": "Radish",
        "description": "A spicy root vegetable.",
        "stackSize": 999,
        "componentsData": [],
        "texture": "Items/radish.png",
        "categories": [
          "any_crop",
          "any_vegetable"
        ]
      },
      {
        "id": "red_cabbage",
        "name": "Red Cabbage",
        "description": "A vibrant leafy vegetable.",
        "stackSize": 999,
        "componentsData": [],
        "texture": "Items/red_cabbage.png",
        "categories": [
          "any_crop",
          "any_vegetable"
        ]
      },
      {
        "id": "starfruit",
        "name": "Starfruit",
        "description": "A rare and exotic fruit.",
        "stackSize": 999,
        "componentsData": [],
        "texture": "Items/starfruit.png",
        "categories": [
          "any_crop",
          "any_fruit"
        ]
      },
      {
        "id": "summer_spangle",
        "name": "Summer Spangle",
        "description": "A tropical flower that blooms in summer.",
        "stackSize": 999,
        "componentsData": [],
        "texture": "Items/summer_spangle.png",
        "categories": [
          "any_crop",
          "any_flower"
        ]
      },
    {
      "id": "tomato",
      "name": "Tomato",
      "description": "A bright red, juicy vegetable (technically a fruit).",
      "stackSize": 999,
      "componentsData": [],
      "texture": "Items/tomato.png",
      "categories": [
        "any_crop",
        "any_vegetable"
      ]
    },
    {
      "id": "wheat",
      "name": "Wheat",
      "description": "One of the most widely cultivated grains.",
      "stackSize": 999,
      "componentsData": [],
      "texture": "Items/wheat.png",
      "categories": [
        "any_crop",
        "any_vegetable"
      ]
    },
    {
      "id": "amaranth",
      "name": "Amaranth",
      "description": "A purple grain cultivated by an ancient civilization.",
      "stackSize": 999,
      "componentsData": [],
      "texture": "Items/amaranth.png",
      "categories": [
        "any_crop",
        "any_vegetable"
      ]
    },
    {
      "id": "artichoke",
      "name": "Artichoke",
      "description": "The bud of a thistle plant.",
      "stackSize": 999,
      "componentsData": [],
      "texture": "Items/artichoke.png",
      "categories": [
        "any_crop",
        "any_vegetable"
      ]
    },
    {
      "id": "beet",
      "name": "Beet",
      "description": "A sweet, earthy root vegetable.",
      "stackSize": 999,
      "componentsData": [],
      "texture": "Items/beet.png",
      "categories": [
        "any_crop",
        "any_vegetable"
      ]
    },
    {
      "id": "bok_choy",
      "name": "Bok Choy",
      "description": "A leafy green vegetable.",
      "stackSize": 999,
      "componentsData": [],
      "texture": "Items/bok_choy.png",
      "categories": [
        "any_crop",
        "any_vegetable"
      ]
    },
    {
      "id": "broccoli",
      "name": "Broccoli",
      "description": "A nutritious and hardy vegetable.",
      "stackSize": 999,
      "componentsData": [],
      "texture": "Items/broccoli.png",
      "categories": [
        "any_crop",
        "any_vegetable"
      ]
    },
    {
      "id": "cranberries",
      "name": "Cranberries",
      "description": "These tart red berries are a traditional winter food.",
      "stackSize": 999,
      "componentsData": [],
      "texture": "Items/cranberries.png",
      "categories": [
        "any_crop",
        "any_fruit"
      ]
    },
    {
      "id": "eggplant",
      "name": "Eggplant",
      "description": "A rich, purple vegetable.",
      "stackSize": 999,
      "componentsData": [],
      "texture": "Items/eggplant.png",
      "categories": [
        "any_crop",
        "any_vegetable"
      ]
    },
    {
      "id": "fairy_rose",
      "name": "Fairy Rose",
      "description": "An enchanted rose that smells like honey.",
      "stackSize": 999,
      "componentsData": [],
      "texture": "Items/fairy_rose.png",
      "categories": [
        "any_crop",
        "any_flower"
      ]
    },
    {
      "id": "grape",
      "name": "Grape",
      "description": "A sweet cluster of fruit.",
      "stackSize": 999,
      "componentsData": [],
      "texture": "Items/grape.png",
      "categories": [
        "any_crop",
        "any_fruit"
      ]
    },
    {
      "id": "pumpkin",
      "name": "Pumpkin",
      "description": "A fall favorite, grown for the festivities of the season.",
      "stackSize": 999,
      "componentsData": [],
      "texture": "Items/pumpkin.png",
      "categories": [
        "any_crop",
        "any_vegetable"
      ]
    },
    {
      "id": "yam",
      "name": "Yam",
      "description": "A starchy tuber with a lot of culinary versatility.",
      "stackSize": 999,
      "componentsData": [],
      "texture": "Items/yam.png",
      "categories": [
        "any_crop",
        "any_vegetable"
      ]
    },
    {
      "id": "sweet_gem_berry",
      "name": "Sweet Gem Berry",
      "description": "It's by far the sweetest thing you've ever smelled.",
      "stackSize": 999,
      "componentsData": [],
      "texture": "Items/sweet_gem_berry.png",
      "categories": [
        "any_crop",
        "any_fruit"
      ]
    },
    {
      "id": "powdermelon",
      "name": "Powdermelon",
      "description": "A winter melon that grows in the cold.",
      "stackSize": 999,
      "componentsData": [],
      "texture": "Items/powdermelon.png",
      "categories": [
        "any_crop",
        "any_fruit"
      ]
    },
    {
      "id": "ancient_fruit",
      "name": "Ancient Fruit",
      "description": "It's been dormant for eons.",
      "stackSize": 999,
      "componentsData": [],
      "texture": "Items/ancient_fruit.png",
      "categories": [
        "any_crop",
        "any_fruit"
      ]
    }
  ],
  "seeds": [
    {
      "id": "jazz_seeds",
      "name": "Jazz Seeds",
      "description": "Plant these in spring. Takes 7 days to mature.",
      "stackSize": 999,
      "componentsData": [
        {
          "type": "SeedComponent",
          "cropId": "planted_blue_jazz"
        }
      ],
      "texture": "Items/jazz_seeds.png"
    },
    {
      "id": "carrot_seeds",
      "name": "Carrot Seeds",
      "description": "Plant these in spring. Takes 3 days to mature.",
      "stackSize": 999,
      "componentsData": [
        {
          "type": "SeedComponent",
          "cropId": "planted_carrot"
        }
      ],
      "texture": "Items/carrot_seeds.png"
    },
    {
      "id": "cauliflower_seeds",
      "name": "Cauliflower Seeds",
      "description": "Plant these in spring. Takes 12 days to mature.",
      "stackSize": 999,
      "componentsData": [
        {
          "type": "SeedComponent",
          "cropId": "planted_cauliflower"
        }
      ],
      "texture": "Items/cauliflower_seeds.png"
    },
    {
      "id": "coffee_bean",
      "name": "Coffee Bean",
      "description": "Plant in spring or summer to grow a coffee plant. Takes 10 days to mature, then produces every 2 days.",
      "stackSize": 999,
      "componentsData": [
        {
          "type": "SeedComponent",
          "cropId": "planted_coffee_bean"
        }
      ],
      "texture": "Items/coffee_bean.png"
    },
    {
      "id": "garlic_seeds",
      "name": "Garlic Seeds",
      "description": "Plant these in spring. Takes 4 days to mature.",
      "stackSize": 999,
      "componentsData": [
        {
          "type": "SeedComponent",
          "cropId": "planted_garlic"
        }
      ],
      "texture": "Items/garlic_seeds.png"
    },
    {
      "id": "bean_starter",
      "name": "Bean Starter",
      "description": "Plant these in spring. Takes 10 days to mature, then produces every 3 days.",
      "stackSize": 999,
      "componentsData": [
        {
          "type": "SeedComponent",
          "cropId": "planted_green_bean"
        }
      ],
      "texture": "Items/bean_starter.png"
    },
    {
      "id": "kale_seeds",
      "name": "Kale Seeds",
      "description": "Plant these in spring. Takes 6 days to mature.",
      "stackSize": 999,
      "componentsData": [
        {
          "type": "SeedComponent",
          "cropId": "planted_kale"
        }
      ],
      "texture": "Items/kale_seeds.png"
    },
    {
      "id": "parsnip_seeds",
      "name": "Parsnip Seeds",
      "description": "Plant these in spring. Takes 4 days to mature.",
      "stackSize": 999,
      "componentsData": [
        {
          "type": "SeedComponent",
          "cropId": "planted_parsnip"
        }
      ],
      "texture": "Items/parsnip_seeds.png"
    },
    {
      "id": "potato_seeds",
      "name": "Potato Seeds",
      "description": "Plant these in spring. Takes 6 days to mature.",
      "stackSize": 999,
      "componentsData": [
        {
          "type": "SeedComponent",
          "cropId": "planted_potato"
        }
      ],
      "texture": "Items/potato_seeds.png"
    },
    {
      "id": "rhubarb_seeds",
      "name": "Rhubarb Seeds",
      "description": "Plant these in spring. Takes 13 days to mature.",
      "stackSize": 999,
      "componentsData": [
        {
          "type": "SeedComponent",
          "cropId": "planted_rhubarb"
        }
      ],
      "texture": "Items/rhubarb_seeds.png"
    },
    {
      "id": "strawberry_seeds",
      "name": "Strawberry Seeds",
      "description": "Plant these in spring. Takes 8 days to mature, then produces every 4 days.",
      "stackSize": 999,
      "componentsData": [
        {
          "type": "SeedComponent",
          "cropId": "planted_strawberry"
        }
      ]
    },
    {
      "id": "tulip_bulb",
      "name": "Tulip Bulb",
      "description": "Plant these in spring. Takes 6 days to mature.",
      "stackSize": 999,
      "componentsData": [
        {
          "type": "SeedComponent",
          "cropId": "planted_tulip"
        }
      ],
      "texture": "Items/tulip_bulb.png"
    },
    {
      "id": "rice_shoot",
      "name": "Rice Shoot",
      "description": "Plant these in spring. Takes 8 days to mature.",
      "stackSize": 999,
      "componentsData": [
        {
          "type": "SeedComponent",
          "cropId": "planted_unmilled_rice"
        }
      ],
      "texture": "Items/rice_shoot.png"
    },
    {
      "id": "blueberry_seeds",
      "name": "Blueberry Seeds",
      "description": "Plant these in summer. Takes 13 days to mature, then produces every 4 days.",
      "stackSize": 999,
      "componentsData": [
        {
          "type": "SeedComponent",
          "cropId": "planted_blueberry"
        }
      ],
      "texture": "Items/blueberry_seeds.png"
    },
    {
      "id": "corn_seeds",
      "name": "Corn Seeds",
      "description": "Plant these in summer or fall. Takes 14 days to mature, then produces every 4 days.",
      "stackSize": 999,
      "componentsData": [
        {
          "type": "SeedComponent",
          "cropId": "planted_corn"
        }
      ],
      "texture": "Items/corn_seeds.png"
    },
    {
      "id": "hops_starter",
      "name": "Hops Starter",
      "description": "Plant these in summer. Takes 11 days to mature, then produces every 1 day.",
      "stackSize": 999,
      "componentsData": [
        {
          "type": "SeedComponent",
          "cropId": "planted_hops"
        }
      ],
      "texture": "Items/hops_starter.png"
    },
    {
      "id": "pepper_seeds",
      "name": "Pepper Seeds",
      "description": "Plant these in summer. Takes 5 days to mature, then produces every 3 days.",
      "stackSize": 999,
      "componentsData": [
        {
          "type": "SeedComponent",
          "cropId": "planted_hot_pepper"
        }
      ],
      "texture": "Items/pepper_seeds.png"
    },
    {
      "id": "null_item",
      "name": "null",
      "description": "null",
      "stackSize": 999,
      "componentsData": [
      ],
      "texture": "Items/Transparent.png"
    },
    {
      "id": "melon_seeds",
      "name": "Melon Seeds",
      "description": "Plant these in summer. Takes 12 days to mature.",
      "stackSize": 999,
      "componentsData": [
        {
          "type": "SeedComponent",
          "cropId": "planted_melon"
        }
      ],
      "texture": "Items/melon_seeds.png"
    },
    {
      "id": "poppy_seeds",
      "name": "Poppy Seeds",
      "description": "Plant these in summer. Takes 7 days to mature.",
      "stackSize": 999,
      "componentsData": [
        {
          "type": "SeedComponent",
          "cropId": "planted_poppy"
        }
      ],
      "texture": "Items/poppy_seeds.png"
    },
    {
      "id": "radish_seeds",
      "name": "Radish Seeds",
      "description": "Plant these in summer. Takes 6 days to mature.",
      "stackSize": 999,
      "componentsData": [
        {
          "type": "SeedComponent",
          "cropId": "planted_radish"
        }
      ],
      "texture": "Items/radish_seeds.png"
    },
    {
      "id": "red_cabbage_seeds",
      "name": "Red Cabbage Seeds",
      "description": "Plant these in summer. Takes 9 days to mature.",
      "stackSize": 999,
      "componentsData": [
        {
          "type": "SeedComponent",
          "cropId": "planted_red_cabbage"
        }
      ],
      "texture": "Items/red_cabbage_seeds.png"
    },
    {
      "id": "starfruit_seeds",
      "name": "Starfruit Seeds",
      "description": "Plant these in summer. Takes 13 days to mature.",
      "stackSize": 999,
      "componentsData": [
        {
          "type": "SeedComponent",
          "cropId": "planted_starfruit"
        }
      ],
      "texture": "Items/starfruit_seeds.png"
    },
    {
      "id": "spangle_seeds",
      "name": "Spangle Seeds",
      "description": "Plant these in summer. Takes 8 days to mature.",
      "stackSize": 999,
      "componentsData": [
        {
          "type": "SeedComponent",
          "cropId": "planted_summer_spangle"
        }
      ],
      "texture": "Items/spangle_seeds.png"
    },
    {
      "id": "summer_squash_seeds",
      "name": "Summer Squash Seeds",
      "description": "Plant these in summer. Takes 6 days to mature, then produces every 3 days.",
      "stackSize": 999,
      "componentsData": [
        {
          "type": "SeedComponent",
          "cropId": "planted_summer_squash"
        }
      ],
      "texture": "Items/summer_squash_seeds.png"
    },
    {
      "id": "sunflower_seeds",
      "name": "Sunflower Seeds",
      "description": "Plant these in summer or fall. Takes 8 days to mature.",
      "stackSize": 999,
      "componentsData": [
        {
          "type": "SeedComponent",
          "cropId": "planted_sunflower"
        }
      ],
      "texture": "Items/sunflower_seeds.png"
    },
    {
      "id": "tomato_seeds",
      "name": "Tomato Seeds",
      "description": "Plant these in summer. Takes 11 days to mature, then produces every 4 days.",
      "stackSize": 999,
      "componentsData": [
        {
          "type": "SeedComponent",
          "cropId": "planted_tomato"
        }
      ],
      "texture": "Items/tomato_seeds.png"
    },
    {
      "id": "wheat_seeds",
      "name": "Wheat Seeds",
      "description": "Plant these in summer or fall. Takes 4 days to mature.",
      "stackSize": 999,
      "componentsData": [
        {
          "type": "SeedComponent",
          "cropId": "planted_wheat"
        }
      ],
      "texture": "Items/wheat_seeds.png"
    },
    {
      "id": "amaranth_seeds",
      "name": "Amaranth Seeds",
      "description": "Plant these in fall. Takes 7 days to mature.",
      "stackSize": 999,
      "componentsData": [
        {
          "type": "SeedComponent",
          "cropId": "planted_amaranth"
        }
      ],
      "texture": "Items/amaranth_seeds.png"
    },
    {
      "id": "artichoke_seeds",
      "name": "Artichoke Seeds",
      "description": "Plant these in fall. Takes 8 days to mature.",
      "stackSize": 999,
      "componentsData": [
        {
          "type": "SeedComponent",
          "cropId": "planted_artichoke"
        }
      ],
      "texture": "Items/artichoke_seeds.png"
    },
    {
      "id": "beet_seeds",
      "name": "Beet Seeds",
      "description": "Plant these in fall. Takes 6 days to mature.",
      "stackSize": 999,
      "componentsData": [
        {
          "type": "SeedComponent",
          "cropId": "planted_beet"
        }
      ],
      "texture": "Items/beet_seeds.png"
    },
    {
      "id": "bok_choy_seeds",
      "name": "Bok Choy Seeds",
      "description": "Plant these in fall. Takes 4 days to mature.",
      "stackSize": 999,
      "componentsData": [
        {
          "type": "SeedComponent",
          "cropId": "planted_bok_choy"
        }
      ],
      "texture": "Items/bok_choy_seeds.png"
    },
    {
      "id": "broccoli_seeds",
      "name": "Broccoli Seeds",
      "description": "Plant these in fall. Takes 8 days to mature, then produces every 4 days.",
      "stackSize": 999,
      "componentsData": [
        {
          "type": "SeedComponent",
          "cropId": "planted_broccoli"
        }
      ],
      "texture": "Items/broccoli_seeds.png"
    },
    {
      "id": "cranberry_seeds",
      "name": "Cranberry Seeds",
      "description": "Plant these in fall. Takes 7 days to mature, then produces every 5 days.",
      "stackSize": 999,
      "componentsData": [
        {
          "type": "SeedComponent",
          "cropId": "planted_cranberries"
        }
      ],
      "texture": "Items/cranberry_seeds.png"
    },
    {
      "id": "eggplant_seeds",
      "name": "Eggplant Seeds",
      "description": "Plant these in fall. Takes 5 days to mature, then produces every 5 days.",
      "stackSize": 999,
      "componentsData": [
        {
          "type": "SeedComponent",
          "cropId": "planted_eggplant"
        }
      ],
      "texture": "Items/eggplant_seeds.png"
    },
    {
      "id": "fairy_seeds",
      "name": "Fairy Seeds",
      "description": "Plant these in fall. Takes 12 days to mature.",
      "stackSize": 999,
      "componentsData": [
        {
          "type": "SeedComponent",
          "cropId": "planted_fairy_rose"
        }
      ],
      "texture": "Items/fairy_seeds.png"
    },
    {
      "id": "grape_starter",
      "name": "Grape Starter",
      "description": "Plant these in fall. Takes 10 days to mature, then produces every 3 days.",
      "stackSize": 999,
      "componentsData": [
        {
          "type": "SeedComponent",
          "cropId": "planted_grape"
        }
      ],
      "texture": "Items/grape_starter.png"
    },
    {
      "id": "pumpkin_seeds",
      "name": "Pumpkin Seeds",
      "description": "Plant these in fall. Takes 13 days to mature.",
      "stackSize": 999,
      "componentsData": [
        {
          "type": "SeedComponent",
          "cropId": "planted_pumpkin"
        }
      ],
      "texture": "Items/pumpkin_seeds.png"
    },
    {
      "id": "yam_seeds",
      "name": "Yam Seeds",
      "description": "Plant these in fall. Takes 10 days to mature.",
      "stackSize": 999,
      "componentsData": [
        {
          "type": "SeedComponent",
          "cropId": "planted_yam"
        }
      ],
      "texture": "Items/yam_seeds.png"
    },
    {
      "id": "rare_seeds",
      "name": "Rare Seeds",
      "description": "Plant these in fall. Takes 24 days to mature.",
      "stackSize": 999,
      "componentsData": [
        {
          "type": "SeedComponent",
          "cropId": "planted_sweet_gem_berry"
        }
      ]
    },
    {
      "id": "powdermelon_seeds",
      "name": "Powdermelon Seeds",
      "description": "Plant these in winter. Takes 7 days to mature.",
      "stackSize": 999,
      "componentsData": [
        {
          "type": "SeedComponent",
          "cropId": "planted_powdermelon"
        }
      ],
      "texture": "Items/powdermelon_seeds.png"
    },
    {
      "id": "ancient_seeds",
      "name": "Ancient Seeds",
      "description": "Plant these in any season except winter. Takes 28 days to mature, then produces every 7 days.",
      "stackSize": 999,
      "componentsData": [
        {
          "type": "SeedComponent",
          "cropId": "planted_ancient_fruit"
        }
      ],
      "texture": "Items/ancient_seeds.png"
    }
  ],
  "tools": [
    {
      "id": "hoe",
      "name": "Hoe",
      "description": "Used to till soil for planting crops.",
      "stackSize": 1,
      "basePrice": 0,
      "componentsData": [
        {
          "type": "ToolComponent",
          "toolType": "HOE",
          "successfulEnergyUse": 5,
          "unsuccessfulEnergyUse": 5,
          "capacity": 0
        }
      ],
      "texture": "Items/Hoe.png"
    },
    {
      "id": "copper_hoe",
      "name": "Copper Hoe",
      "description": "Tills soil in a 3x1 area. More efficient than basic hoe.",
      "stackSize": 1,
      "basePrice": 2000,
      "componentsData": [
        {
          "type": "ToolComponent",
          "toolType": "HOE",
          "successfulEnergyUse": 4,
          "unsuccessfulEnergyUse": 4,
          "capacity": 0
        }
      ],
      "texture": "Items/Copper_Hoe.png"
    },
    {
      "id": "iron_hoe",
      "name": "Iron Hoe",
      "description": "Tills soil in a 5x1 area. More efficient than copper hoe.",
      "stackSize": 1,
      "basePrice": 5000,
      "componentsData": [
        {
          "type": "ToolComponent",
          "toolType": "HOE",
          "successfulEnergyUse": 3,
          "unsuccessfulEnergyUse": 3,
          "capacity": 0
        }
      ],
      "texture": "Items/Iron_hoe.png"
    },
    {
      "id": "gold_hoe",
      "name": "Gold Hoe",
      "description": "Tills soil in a 3x3 area. More efficient than iron hoe.",
      "stackSize": 1,
      "basePrice": 10000,
      "componentsData": [
        {
          "type": "ToolComponent",
          "toolType": "HOE",
          "successfulEnergyUse": 2,
          "unsuccessfulEnergyUse": 2,
          "capacity": 0
        }
      ],
      "texture": "Items/Gold_Hoe.png"
    },
    {
      "id": "iridium_hoe",
      "name": "Iridium Hoe",
      "description": "Tills soil in a 6x3 area. The most efficient hoe.",
      "stackSize": 1,
      "basePrice": 25000,
      "componentsData": [
        {
          "type": "ToolComponent",
          "toolType": "HOE",
          "successfulEnergyUse": 1,
          "unsuccessfulEnergyUse": 1,
          "capacity": 0
        }
      ],
      "texture": "Items/Iridium_Hoe.png"
    },
    {
      "id": "pickaxe",
      "name": "Pickaxe",
      "description": "Used to break stones and clear paths.",
      "stackSize": 1,
      "basePrice": 0,
      "componentsData": [
        {
          "type": "ToolComponent",
          "toolType": "PICKAXE",
          "successfulEnergyUse": 5,
          "unsuccessfulEnergyUse": 4,
          "capacity": 0
        }
      ],
      "texture": "Items/Pickaxe.png"
    },
    {
      "id": "copper_pickaxe",
      "name": "Copper Pickaxe",
      "description": "Breaks rocks more efficiently than basic pickaxe.",
      "stackSize": 1,
      "basePrice": 2000,
      "componentsData": [
        {
          "type": "ToolComponent",
          "toolType": "PICKAXE",
          "successfulEnergyUse": 4,
          "unsuccessfulEnergyUse": 3,
          "capacity": 0
        }
      ],
      "texture": "Items/Copper_Pickaxe.png"
    },
    {
      "id": "iron_pickaxe",
      "name": "Iron Pickaxe",
      "description": "Breaks rocks more efficiently than copper pickaxe.",
      "stackSize": 1,
      "basePrice": 5000,
      "componentsData": [
        {
          "type": "ToolComponent",
          "toolType": "PICKAXE",
          "successfulEnergyUse": 3,
          "unsuccessfulEnergyUse": 2,
          "capacity": 0
        }
      ],
      "texture": "Items/Iron_Pickaxe.png"
    },
    {
      "id": "gold_pickaxe",
      "name": "Gold Pickaxe",
      "description": "Breaks rocks more efficiently than iron pickaxe.",
      "stackSize": 1,
      "basePrice": 10000,
      "componentsData": [
        {
          "type": "ToolComponent",
          "toolType": "PICKAXE",
          "successfulEnergyUse": 2,
          "unsuccessfulEnergyUse": 1,
          "capacity": 0
        }
      ],
      "texture": "Items/Gold_Pickaxe.png"
    },
    {
      "id": "iridium_pickaxe",
      "name": "Iridium Pickaxe",
      "description": "The most efficient pickaxe for breaking rocks.",
      "stackSize": 1,
      "basePrice": 25000,
      "componentsData": [
        {
          "type": "ToolComponent",
          "toolType": "PICKAXE",
          "successfulEnergyUse": 1,
          "unsuccessfulEnergyUse": 0,
          "capacity": 0
        }
      ],
      "texture": "Items/Iridium_Pickaxe.png"
    },
    {
      "id": "axe",
      "name": "Axe",
      "description": "Used to chop wood and clear trees.",
      "stackSize": 1,
      "basePrice": 0,
      "componentsData": [
        {
          "type": "ToolComponent",
          "toolType": "AXE",
          "successfulEnergyUse": 5,
          "unsuccessfulEnergyUse": 4,
          "capacity": 0
        }
      ],
      "texture": "Items/Axe.png"
    },
    {
      "id": "copper_axe",
      "name": "Copper Axe",
      "description": "Chops wood more efficiently than basic axe.",
      "stackSize": 1,
      "basePrice": 2000,
      "componentsData": [
        {
          "type": "ToolComponent",
          "toolType": "AXE",
          "successfulEnergyUse": 4,
          "unsuccessfulEnergyUse": 3,
          "capacity": 0
        }
      ],
      "texture": "Items/Copper_Axe.png"
    },
    {
      "id": "iron_axe",
      "name": "Iron Axe",
      "description": "Chops wood more efficiently than copper axe.",
      "stackSize": 1,
      "basePrice": 5000,
      "componentsData": [
        {
          "type": "ToolComponent",
          "toolType": "AXE",
          "successfulEnergyUse": 3,
          "unsuccessfulEnergyUse": 2,
          "capacity": 0
        }
      ],
      "texture": "Items/Iron_Axe.png"
    },
    {
      "id": "gold_axe",
      "name": "Gold Axe",
      "description": "Chops wood more efficiently than iron axe.",
      "stackSize": 1,
      "basePrice": 10000,
      "componentsData": [
        {
          "type": "ToolComponent",
          "toolType": "AXE",
          "successfulEnergyUse": 2,
          "unsuccessfulEnergyUse": 1,
          "capacity": 0
        }
      ],
      "texture": "Items/Gold_Axe.png"
    },
    {
      "id": "iridium_axe",
      "name": "Iridium Axe",
      "description": "The most efficient axe for chopping wood.",
      "stackSize": 1,
      "basePrice": 25000,
      "componentsData": [
        {
          "type": "ToolComponent",
          "toolType": "AXE",
          "successfulEnergyUse": 1,
          "unsuccessfulEnergyUse": 0,
          "capacity": 0
        }
      ],
      "texture": "Items/Iridium_Axe.png"
    },
    {
      "id": "watering_can",
      "name": "Watering Can",
      "description": "Used to water crops. Must be refilled at water sources.",
      "stackSize": 1,
      "basePrice": 0,
      "componentsData": [
        {
          "type": "ToolComponent",
          "toolType": "WATERING_CAN",
          "successfulEnergyUse": 5,
          "unsuccessfulEnergyUse": 5,
          "capacity": 40
        }
      ],
      "texture": "Items/Watering_Can.png"
    },
    {
      "id": "copper_watering_can",
      "name": "Copper Watering Can",
      "description": "Waters crops in a 3x1 area. Holds more water than basic can.",
      "stackSize": 1,
      "basePrice": 2000,
      "componentsData": [
        {
          "type": "ToolComponent",
          "toolType": "WATERING_CAN",
          "successfulEnergyUse": 4,
          "unsuccessfulEnergyUse": 4,
          "capacity": 55
        }
      ],
      "texture": "Items/Copper_Watering_Can.png"
    },
    {
      "id": "iron_watering_can",
      "name": "Iron Watering Can",
      "description": "Waters crops in a 5x1 area. Holds more water than copper can.",
      "stackSize": 1,
      "basePrice": 5000,
      "componentsData": [
        {
          "type": "ToolComponent",
          "toolType": "WATERING_CAN",
          "successfulEnergyUse": 3,
          "unsuccessfulEnergyUse": 3,
          "capacity": 70
        }
      ],
      "texture": "Items/Iron_Watering_Can.png"
    },
    {
      "id": "gold_watering_can",
      "name": "Gold Watering Can",
      "description": "Waters crops in a 3x3 area. Holds more water than iron can.",
      "stackSize": 1,
      "basePrice": 10000,
      "componentsData": [
        {
          "type": "ToolComponent",
          "toolType": "WATERING_CAN",
          "successfulEnergyUse": 2,
          "unsuccessfulEnergyUse": 2,
          "capacity": 85
        }
      ],
      "texture": "Items/Gold_Watering_Can.png"
    },
    {
      "id": "iridium_watering_can",
      "name": "Iridium Watering Can",
      "description": "Waters crops in a 6x3 area. The most efficient watering can.",
      "stackSize": 1,
      "basePrice": 25000,
      "componentsData": [
        {
          "type": "ToolComponent",
          "toolType": "WATERING_CAN",
          "successfulEnergyUse": 1,
          "unsuccessfulEnergyUse": 1,
          "capacity": 100
        }
      ],
      "texture": "Items/Iridium_Watering_Can.png"
    },
    {
      "id": "scythe",
      "name": "Scythe",
      "description": "Used to harvest crops and cut grass.",
      "stackSize": 1,
      "basePrice": 0,
      "componentsData": [
        {
          "type": "ToolComponent",
          "toolType": "SCYTHE",
          "successfulEnergyUse": 2,
          "unsuccessfulEnergyUse": 2,
          "capacity": 0
        }
      ],
      "texture": "Items/Scythe.png"
    },
    {
      "id": "shear",
      "name": "Shears",
      "description": "Used to shear wool from sheep.",
      "stackSize": 1,
      "basePrice": 1000,
      "componentsData": [
        {
          "type": "ToolComponent",
          "toolType": "SHEAR",
          "successfulEnergyUse": 4,
          "unsuccessfulEnergyUse": 4,
          "capacity": 0
        }
      ],
      "texture": "Items/Shears.png"
    },
    {
      "id": "training_rod",
      "name": "Training Rod",
      "description": "A simple fishing rod that can only catch the most common fish.",
      "stackSize": 1,
      "basePrice": 25,
      "componentsData": [
        {
          "type": "ToolComponent",
          "toolType": "FISHING_ROD",
          "successfulEnergyUse": 8,
          "unsuccessfulEnergyUse": 8,
          "capacity": 0
        }
      ],
      "texture": "Items/Training_Rod.png"
    },
    {
      "id": "bamboo_rod",
      "name": "Bamboo Pole",
      "description": "A basic fishing rod that can catch any fish.",
      "stackSize": 1,
      "basePrice": 500,
      "componentsData": [
        {
          "type": "ToolComponent",
          "toolType": "FISHING_ROD",
          "successfulEnergyUse": 8,
          "unsuccessfulEnergyUse": 8,
          "capacity": 0
        }
      ],
      "texture": "Items/Bamboo_Pole.png"
    },
    {
      "id": "fiberglass_rod",
      "name": "Fiberglass Rod",
      "description": "An improved fishing rod that can catch any fish with less energy.",
      "stackSize": 1,
      "basePrice": 1800,
      "componentsData": [
        {
          "type": "ToolComponent",
          "toolType": "FISHING_ROD",
          "successfulEnergyUse": 6,
          "unsuccessfulEnergyUse": 6,
          "capacity": 0
        }
      ],
      "texture": "Items/Fiberglass_Rod.png"
    },
    {
      "id": "iridium_rod",
      "name": "Iridium Rod",
      "description": "The most efficient fishing rod. Can catch any fish with minimal energy.",
      "stackSize": 1,
      "basePrice": 7500,
      "componentsData": [
        {
          "type": "ToolComponent",
          "toolType": "FISHING_ROD",
          "successfulEnergyUse": 4,
          "unsuccessfulEnergyUse": 4,
          "capacity": 0
        }
      ],
      "texture": "Items/Iridium_Rod.png"
    }
  ],
  "artisan_goods": [
    {
      "id": "honey",
      "name": "Honey",
      "description": "It's a sweet syrup produced by bees.",
      "stackSize": 99,
      "basePrice": 350,
      "texture": "Items/honey.png",
      "componentsData": [
        {
          "type": "ArtisanComponent",
          "sourceItem": "bee_house",
          "resultItem": "honey",
          "processingTime": 96,
          "energyRestore": 75
        }
      ]
    },
    {
      "id": "cheese",
      "name": "Cheese",
      "description": "It's your basic cheese.",
      "stackSize": 99,
      "basePrice": 230,
      "texture": "Items/cheese.png",
      "componentsData": [
        {
          "type": "ArtisanComponent",
          "sourceItem": "milk",
          "resultItem": "cheese",
          "processingTime": 3,
          "energyRestore": 100
        }
      ]
    },
    {
      "id": "cheese_large",
      "name": "Cheese",
      "description": "It's your basic cheese.",
      "stackSize": 99,
      "basePrice": 345,
      "texture": "Items/cheese.png",
      "componentsData": [
        {
          "type": "ArtisanComponent",
          "sourceItem": "large_milk",
          "resultItem": "cheese_large",
          "processingTime": 3,
          "energyRestore": 100
        }
      ]
    },
    {
      "id": "goat_cheese",
      "name": "Goat Cheese",
      "description": "Soft cheese made from goat's milk.",
      "stackSize": 99,
      "basePrice": 400,
      "texture": "Items/goat_cheese.png",
      "componentsData": [
        {
          "type": "ArtisanComponent",
          "sourceItem": "goat_milk",
          "resultItem": "goat_cheese",
          "processingTime": 3,
          "energyRestore": 100
        }
      ]
    },
    {
      "id": "goat_cheese_large",
      "name": "Goat Cheese",
      "description": "Soft cheese made from goat's milk.",
      "stackSize": 99,
      "basePrice": 600,
      "texture": "Items/goat_cheese.png",
      "componentsData": [
        {
          "type": "ArtisanComponent",
          "sourceItem": "large_goat_milk",
          "resultItem": "goat_cheese_large",
          "processingTime": 3,
          "energyRestore": 100
        }
      ]
    },
    {
      "id": "beer",
      "name": "Beer",
      "description": "Drink in moderation.",
      "stackSize": 99,
      "basePrice": 200,
      "texture": "Items/beer.png",
      "componentsData": [
        {
          "type": "ArtisanComponent",
          "sourceItem": "wheat",
          "resultItem": "beer",
          "processingTime": 24,
          "energyRestore": 50
        }
      ]
    },
    {
      "id": "vinegar",
      "name": "Vinegar",
      "description": "An aged fermented liquid used in many cooking recipes.",
      "stackSize": 99,
      "basePrice": 100,
      "texture": "Items/vinegar.png",
      "componentsData": [
        {
          "type": "ArtisanComponent",
          "sourceItem": "unmilled_rice",
          "resultItem": "vinegar",
          "processingTime": 10,
          "energyRestore": 13
        }
      ]
    },
    {
      "id": "coffee",
      "name": "Coffee",
      "description": "It smells delicious. This is sure to give you a boost.",
      "stackSize": 99,
      "basePrice": 150,
      "texture": "Items/coffee.png",
      "componentsData": [
        {
          "type": "ArtisanComponent",
          "sourceItem": "coffee_bean",
          "resultItem": "coffee",
          "processingTime": 2,
          "energyRestore": 75,
          "inputAmount": 5
        }
      ]
    },
    {
      "id": "mead",
      "name": "Mead",
      "description": "A fermented beverage made from honey. Drink in moderation.",
      "stackSize": 99,
      "basePrice": 300,
      "texture": "Items/mead.png",
      "componentsData": [
        {
          "type": "ArtisanComponent",
          "sourceItem": "honey",
          "resultItem": "mead",
          "processingTime": 10,
          "energyRestore": 100
        }
      ]
    },
    {
      "id": "pale_ale",
      "name": "Pale Ale",
      "description": "Drink in moderation.",
      "stackSize": 99,
      "basePrice": 300,
      "texture": "Items/pale_ale.png",
      "componentsData": [
        {
          "type": "ArtisanComponent",
          "sourceItem": "hops",
          "resultItem": "pale_ale",
          "processingTime": 72,
          "energyRestore": 50
        }
      ]
    },
    {
      "id": "truffle_oil",
      "name": "Truffle Oil",
      "description": "A gourmet cooking ingredient.",
      "stackSize": 99,
      "basePrice": 1065,
      "texture": "Items/truffle_oil.png",
      "componentsData": [
        {
          "type": "ArtisanComponent",
          "sourceItem": "truffle",
          "resultItem": "truffle_oil",
          "processingTime": 6,
          "energyRestore": 38
        }
      ]
    },
    {
      "id": "oil_corn",
      "name": "Oil",
      "description": "All purpose cooking oil.",
      "stackSize": 99,
      "basePrice": 100,
      "texture": "Items/oil.png",
      "componentsData": [
        {
          "type": "ArtisanComponent",
          "sourceItem": "corn",
          "resultItem": "oil_corn",
          "processingTime": 6,
          "energyRestore": 13
        }
      ]
    },
    {
      "id": "oil_sunflower_seeds",
      "name": "Oil",
      "description": "All purpose cooking oil.",
      "stackSize": 99,
      "basePrice": 100,
      "texture": "Items/oil.png",
      "componentsData": [
        {
          "type": "ArtisanComponent",
          "sourceItem": "sunflower_seeds",
          "resultItem": "oil_sunflower_seeds",
          "processingTime": 48,
          "energyRestore": 13
        }
      ]
    },
    {
      "id": "oil_sunflower",
      "name": "Oil",
      "description": "All purpose cooking oil.",
      "stackSize": 99,
      "basePrice": 100,
      "texture": "Items/oil.png",
      "componentsData": [
        {
          "type": "ArtisanComponent",
          "sourceItem": "sunflower",
          "resultItem": "oil_sunflower",
          "processingTime": 25,
          "energyRestore": 13
        }
      ]
    },
    {
      "id": "mayonnaise",
      "name": "Mayonnaise",
      "description": "It looks spreadable.",
      "stackSize": 99,
      "basePrice": 190,
      "texture": "Items/mayonnaise.png",
      "componentsData": [
        {
          "type": "ArtisanComponent",
          "sourceItem": "egg",
          "resultItem": "mayonnaise",
          "processingTime": 3,
          "energyRestore": 50
        }
      ]
    },
    {
      "id": "mayonnaise_large",
      "name": "Mayonnaise",
      "description": "It looks spreadable.",
      "stackSize": 99,
      "basePrice": 237,
      "texture": "Items/mayonnaise.png",
      "componentsData": [
        {
          "type": "ArtisanComponent",
          "sourceItem": "large_egg",
          "resultItem": "mayonnaise_large",
          "processingTime": 3,
          "energyRestore": 50
        }
      ]
    },
    {
      "id": "duck_mayonnaise",
      "name": "Duck Mayonnaise",
      "description": "It's a rich, yellow mayonnaise.",
      "stackSize": 99,
      "basePrice": 375,
      "texture": "Items/duck_mayonnaise.png",
      "componentsData": [
        {
          "type": "ArtisanComponent",
          "sourceItem": "duck_egg",
          "resultItem": "duck_mayonnaise",
          "processingTime": 3,
          "energyRestore": 75
        }
      ]
    },
    {
      "id": "dinosaur_mayonnaise",
      "name": "Dinosaur Mayonnaise",
      "description": "It's thick and creamy, with a vivid green hue. It smells like grass and leather.",
      "stackSize": 99,
      "basePrice": 800,
      "texture": "Items/dinosaur_mayonnaise.png",
      "componentsData": [
        {
          "type": "ArtisanComponent",
          "sourceItem": "dinosaur_egg",
          "resultItem": "dinosaur_mayonnaise",
          "processingTime": 3,
          "energyRestore": 125
        }
      ]
    },
    {
      "id": "cloth",
      "name": "Cloth",
      "description": "A bolt of fine wool cloth.",
      "stackSize": 99,
      "basePrice": 470,
      "texture": "Items/cloth.png",
      "componentsData": [
        {
          "type": "ArtisanComponent",
          "sourceItem": "wool",
          "resultItem": "cloth",
          "processingTime": 4,
          "energyRestore": 0
        }
      ]
    }
  ],
  "artisan_devices": [
    {
      "id": "bee_house",
      "name": "Bee House",
      "description": "Produces honey.",
      "stackSize": 1,
      "sellPrice": 0,
      "texture": "Items/bee_house.png",
      "deviceRecipes": [
        {
          "outputId": "honey",
          "processingHours": 96,
          "ingredients": { }
        }
      ]
    },
    {
      "id": "keg",
      "name": "Keg",
      "description": "A device for fermenting liquids.",
      "stackSize": 1,
      "sellPrice": 0,
      "texture": "Items/keg.png",
      "deviceRecipes": [
        { "outputId": "pale_ale", "processingHours": 90, "ingredients": { "hops": 1 } },
        { "outputId": "wine", "processingHours": 168, "ingredients": { "grape": 1 } },
        { "outputId": "beer", "processingHours": 35, "ingredients": { "wheat": 1 } },
        { "outputId": "coffee", "processingHours": 2, "ingredients": { "coffee_bean": 5 } }
      ]
    },
    {
      "id": "preserves_jar",
      "name": "Preserves Jar",
      "description": "Turns fruit into jelly and vegetables into pickles.",
      "stackSize": 1,
      "sellPrice": 0,
      "texture": "Items/preserves_jar.png",
      "deviceRecipes": [
        { "outputId": "jelly", "processingHours": 80, "ingredients": { "cat:any_fruit": 1 } },
        { "outputId": "pickles", "processingHours": 80, "ingredients": { "cat:any_vegetable": 1 } }
      ]
    },
    {
      "id": "cheese_press",
      "name": "Cheese Press",
      "description": "Turns milk into cheese.",
      "stackSize": 1,
      "sellPrice": 0,
      "texture": "Items/cheese_press.png",
      "deviceRecipes": [
        { "outputId": "cheese", "processingHours": 200, "ingredients": { "milk": 1 } },
        { "outputId": "goat_cheese", "processingHours": 200, "ingredients": { "goat_milk": 1 } }
      ]
    },
    {
      "id": "oil_maker",
      "name": "Oil Maker",
      "description": "Turns various products into oil.",
      "stackSize": 1,
      "sellPrice": 0,
      "texture": "Items/oil_maker.png",
      "deviceRecipes": [
        { "outputId": "oil", "processingHours": 24, "ingredients": { "corn": 1 } },
        { "outputId": "oil", "processingHours": 24, "ingredients": { "truffle": 1 } },
        { "outputId": "oil", "processingHours": 48, "ingredients": { "sunflower_seeds": 1 } },
        { "outputId": "oil", "processingHours": 1,  "ingredients": { "sunflower": 1 } }
      ]
    },
    {
      "id": "mayonnaise_machine",
      "name": "Mayonnaise Machine",
      "description": "Turns eggs into mayonnaise.",
      "stackSize": 1,
      "sellPrice": 0,
      "texture": "Items/mayonnaise_machine.png",
      "deviceRecipes": [
        { "outputId": "mayonnaise", "processingHours": 180, "ingredients": { "egg": 1 } },
        { "outputId": "duck_mayonnaise", "processingHours": 180, "ingredients": { "duck_egg": 1 } },
        { "outputId": "void_mayonnaise", "processingHours": 180, "ingredients": { "void_egg": 1 } },
        { "outputId": "golden_mayonnaise", "processingHours": 180, "ingredients": { "golden_egg": 1 } }
      ]
    },
    {
      "id": "loom",
      "name": "Loom",
      "description": "Turns wool into cloth.",
      "stackSize": 1,
      "sellPrice": 0,
      "texture": "Items/loom.png",
      "deviceRecipes": [
        { "outputId": "cloth", "processingHours": 240, "ingredients": { "wool": 1 } }
      ]
    },
    {
      "id": "dehydrator",
      "name": "Dehydrator",
      "description": "Dries certain foods.",
      "stackSize": 1,
      "sellPrice": 0,
      "texture": "Items/dehydrator.png",
      "deviceRecipes": [
        { "outputId": "dried_mushroom", "processingHours": 12, "ingredients": { "cat:any_mushroom": 4 } }
      ]
    },
    {
      "id": "charcoal_kiln",
      "name": "Charcoal Kiln",
      "description": "Burns wood pieces into coal.",
      "stackSize": 1,
      "sellPrice": 0,
      "texture": "Items/charcoal_kiln.png",
      "deviceRecipes": [
        { "outputId": "coal", "processingHours": 30, "ingredients": { "wood": 10 } }
      ]
    },
    {
      "id": "furnace",
      "name": "Furnace",
      "description": "Smelts ore into bars.",
      "stackSize": 1,
      "sellPrice": 0,
      "texture": "Items/furnace.png",
      "deviceRecipes": [
        { "outputId": "copper_bar",   "processingHours": 150, "ingredients": { "copper_ore": 4,   "coal": 1 } },
        { "outputId": "iron_bar",     "processingHours": 150, "ingredients": { "iron_ore": 4,     "coal": 1 } },
        { "outputId": "gold_bar",     "processingHours": 150, "ingredients": { "gold_ore": 4,     "coal": 1 } },
        { "outputId": "iridium_bar",  "processingHours": 150, "ingredients": { "iridium_ore": 4,  "coal": 1 } }
      ]
    },
    {
      "id": "seed_maker",
      "name": "Seed Maker",
      "description": "Turns crops into seeds.",
      "stackSize": 1,
      "sellPrice": 0,
      "texture": "Items/seed_maker.png",
      "deviceRecipes": [
        { "outputId": "ancient_seeds", "processingHours": 20, "ingredients": { "ancient_fruit": 1 } },
        { "outputId": "mixed_seeds",   "processingHours": 30, "ingredients": { "cat:any_crop": 1 } }
      ]
    }
  ]
,
  "craftables": [
    { "id": "cherry_bomb", "name": "Cherry Bomb", "description": "Destroys anything in a 3-tile radius.", "types": ["craftables"], "texture": "Items/cherry_bomb.png", "craftable": true, "craft": { "recipeId": "cherry_bomb" } },
    { "id": "bomb", "name": "Bomb", "description": "Destroys anything in a 5-tile radius.", "types": ["craftables"], "texture": "Items/bomb.png", "craftable": true, "craft": { "recipeId": "bomb" } },
    { "id": "mega_bomb", "name": "Mega Bomb", "description": "Destroys anything in a 7-tile radius.", "types": ["craftables"], "texture": "Items/mega_bomb.png", "craftable": true, "craft": { "recipeId": "mega_bomb" } },

    { "id": "sprinkler", "name": "Sprinkler", "description": "Waters the 4 adjacent tiles.", "types": ["craftables"], "texture": "Items/sprinkler.png", "craftable": true, "craft": { "recipeId": "sprinkler" } },
    { "id": "quality_sprinkler", "name": "Quality Sprinkler", "description": "Waters the 8 adjacent tiles.", "types": ["craftables"], "texture": "Items/quality_sprinkler.png", "craftable": true, "craft": { "recipeId": "quality_sprinkler" } },
    { "id": "iridium_sprinkler", "name": "Iridium Sprinkler", "description": "Waters 24 surrounding tiles.", "types": ["craftables"], "texture": "Items/iridium_sprinkler.png", "craftable": true, "craft": { "recipeId": "iridium_sprinkler" } },

    { "id": "charcoal_kiln", "name": "Charcoal Kiln", "description": "Turns 10 wood into 1 coal.", "types": ["craftables"], "texture": "Items/charcoal_kiln.png", "craftable": true, "craft": { "recipeId": "charcoal_kiln" } },
    { "id": "furnace", "name": "Furnace", "description": "Smelts ore (with coal) into bars.", "types": ["craftables"], "texture": "Items/furnace.png", "craftable": true, "craft": { "recipeId": "furnace" } },

    { "id": "scarecrow", "name": "Scarecrow", "description": "Prevents crow attacks within an 8-tile radius.", "types": ["craftables"], "texture": "Items/scarecrow.png", "craftable": true, "craft": { "recipeId": "scarecrow" } },
    { "id": "deluxe_scarecrow", "name": "Deluxe Scarecrow", "description": "Prevents crow attacks within a 12-tile radius.", "types": ["craftables"], "texture": "Items/deluxe_scarecrow.png", "craftable": true, "craft": { "recipeId": "deluxe_scarecrow" } },

    { "id": "bee_house", "name": "Bee House", "description": "Produces honey when placed on the farm.", "types": ["craftables"], "texture": "Items/bee_house.png", "craftable": true, "craft": { "recipeId": "bee_house" } },
    { "id": "cheese_press", "name": "Cheese Press", "description": "Turns milk into cheese.", "types": ["craftables"], "texture": "Items/cheese_press.png", "craftable": true, "craft": { "recipeId": "cheese_press" } },
    { "id": "keg", "name": "Keg", "description": "Turns fruit and vegetables into beverages.", "types": ["craftables"], "texture": "Items/keg.png", "craftable": true, "craft": { "recipeId": "keg" } },
    { "id": "loom", "name": "Loom", "description": "Turns wool into cloth.", "types": ["craftables"], "texture": "Items/loom.png", "craftable": true, "craft": { "recipeId": "loom" } },
    { "id": "mayonnaise_machine", "name": "Mayonnaise Machine", "description": "Turns eggs into mayonnaise.", "types": ["craftables"], "texture": "Items/mayonnaise_machine.png", "craftable": true, "craft": { "recipeId": "mayonnaise_machine" } },
    { "id": "oil_maker", "name": "Oil Maker", "description": "Turns truffles into oil.", "types": ["craftables"], "texture": "Items/oil_maker.png", "craftable": true, "craft": { "recipeId": "oil_maker" } },
    { "id": "preserves_jar", "name": "Preserves Jar", "description": "Turns vegetables into pickles and fruit into jelly.", "types": ["craftables"], "texture": "Items/preserves_jar.png", "craftable": true, "craft": { "recipeId": "preserves_jar" } },
    { "id": "dehydrator", "name": "Dehydrator", "description": "Dries fruit or mushrooms.", "types": ["craftables"], "texture": "Items/dehydrator.png", "craftable": true, "craft": { "recipeId": "dehydrator" } },

    { "id": "grass_starter", "name": "Grass Starter", "description": "Grows grass where placed.", "types": ["craftables"], "texture": "Items/grass_starter.png", "craftable": true, "craft": { "recipeId": "grass_starter" } },
    { "id": "fish_smoker", "name": "Fish Smoker", "description": "Turns any fish into smoked fish using one coal, preserving its quality.", "types": ["craftables"], "texture": "Items/fish_smoker.png", "craftable": true, "craft": { "recipeId": "fish_smoker" } },
    { "id": "mystic_tree_seed", "name": "Mystic Tree Seed", "description": "Can be planted to grow a Mystic Tree.", "types": ["craftables"], "texture": "Items/mystic_tree_seed.png", "craftable": true, "craft": { "recipeId": "mystic_tree_seed" } }
  ],
  "crafting_ingredients": [
    { "id": "wood",           "name": "Wood",           "description": "Crafting ingredient.", "stackSize": 999, "componentsData": [], "texture": "Items/wood.png" },
    { "id": "stone",          "name": "Stone",          "description": "Crafting ingredient.", "stackSize": 999, "componentsData": [], "texture": "Items/stone.png" },
    { "id": "coal",           "name": "Coal",           "description": "Crafting ingredient.", "stackSize": 999, "componentsData": [], "texture": "Items/coal.png" },
    { "id": "fiber",          "name": "Fiber",          "description": "Crafting ingredient.", "stackSize": 999, "componentsData": [], "texture": "Items/fiber.png" },

    { "id": "copper_ore",     "name": "Copper Ore",     "description": "Crafting ingredient.", "stackSize": 999, "componentsData": [], "texture": "Items/copper_ore.png" },
    { "id": "iron_ore",       "name": "Iron Ore",       "description": "Crafting ingredient.", "stackSize": 999, "componentsData": [], "texture": "Items/iron_ore.png" },
    { "id": "gold_ore",       "name": "Gold Ore",       "description": "Crafting ingredient.", "stackSize": 999, "componentsData": [], "texture": "Items/gold_ore.png" },
    { "id": "iridium_ore",    "name": "Iridium Ore",    "description": "Crafting ingredient.", "stackSize": 999, "componentsData": [], "texture": "Items/iridium_ore.png" },

    { "id": "copper_bar",     "name": "Copper Bar",     "description": "Crafting ingredient.", "stackSize": 999, "componentsData": [], "texture": "Items/copper_bar.png" },
    { "id": "iron_bar",       "name": "Iron Bar",       "description": "Crafting ingredient.", "stackSize": 999, "componentsData": [], "texture": "Items/iron_bar.png" },
    { "id": "gold_bar",       "name": "Gold Bar",       "description": "Crafting ingredient.", "stackSize": 999, "componentsData": [], "texture": "Items/gold_bar.png" },
    { "id": "iridium_bar",    "name": "Iridium Bar",    "description": "Crafting ingredient.", "stackSize": 999, "componentsData": [], "texture": "Items/iridium_bar.png" },

    { "id": "acorns",         "name": "Acorns",         "description": "Crafting ingredient.", "stackSize": 999, "componentsData": [], "texture": "Items/acorns.png" },
    { "id": "maple_seeds",    "name": "Maple Seeds",    "description": "Crafting ingredient.", "stackSize": 999, "componentsData": [], "texture": "Items/maple_seeds.png" },
    { "id": "pine_cones",     "name": "Pine Cones",     "description": "Crafting ingredient.", "stackSize": 999, "componentsData": [], "texture": "Items/pine_cones.png" },
    { "id": "mahogany_seeds", "name": "Mahogany Seeds", "description": "Crafting ingredient.", "stackSize": 999, "componentsData": [], "texture": "Items/mahogany_seeds.png" }
  ]

}
